{"cameraMode":{"drawMode":0,"name":"Shaded","section":"Shading Mode"},"sceneLighting":false,"audioPlay":false,"sceneViewState":{"showFog":true,"showMaterialUpdate":false,"showSkybox":false,"showFlares":true,"showImageEffects":true,"showParticleSystems":true},"in2DMode":false,"pivot":{"x":0.0018167495727539063,"y":1.4276304244995118,"z":-0.27638864517211916},"rotation":{"x":-0.09885098785161972,"y":0.07695407420396805,"z":-0.007665114942938089,"w":-0.9921054244041443},"size":1.9727590084075928,"orthographic":false}