{"cameraMode":{"drawMode":0,"name":"Shaded","section":"Shading Mode"},"sceneLighting":true,"audioPlay":false,"sceneViewState":{"showFog":true,"showMaterialUpdate":false,"showSkybox":true,"showFlares":true,"showImageEffects":true,"showParticleSystems":true},"in2DMode":false,"pivot":{"x":-26.51367950439453,"y":5.882863998413086,"z":-2.717937469482422},"rotation":{"x":0.09210184216499329,"y":-0.44043728709220889,"z":0.04549659043550491,"w":0.8918933272361755},"size":23.139596939086915,"orthographic":false}